Number,title,artist,altered genre,top genre,artist birth year,artist age,year,bpm,nrgy,dnce,dB,live,val,dur,acous,spch,pop,decade
1,Here Comes The Sun - Remastered 2009,The Beatles,british invasion,british invasion,1942,27,1969,129,54,56,-10,18,39,186,3,3,82,1960
2,Come Together - Remastered 2009,The Beatles,british invasion,british invasion,1942,27,1969,165,38,53,-12,9,19,260,3,4,79,1960
3,Sweet Caroline,Neil Diamond,adult standards,adult standards,1941,28,1969,63,13,53,-16,24,58,204,61,3,78,1960
4,Yesterday - Remastered 2009,The Beatles,british invasion,british invasion,1942,23,1965,97,18,33,-12,9,32,126,88,3,78,1960
5,Can't Help Falling in Love,Elvis Presley,adult standards,adult standards,1935,26,1961,100,29,40,-14,11,34,182,94,3,78,1960
6,Fly Me To The Moon (In Other Words),Frank Sinatra,adult standards,adult standards,1915,47,1962,119,26,67,-14,6,37,147,45,5,76,1960
8,White Room,Cream,rock,album rock,1942,26,1968,110,58,55,-13,4,46,298,19,3,73,1960
10,Build Me Up Buttercup,The Foundations,pop,brill building pop,1941,27,1968,134,51,66,-7,28,85,178,31,3,72,1960
11,My Way,Frank Sinatra,adult standards,adult standards,1915,54,1969,75,38,40,-7,12,23,277,70,3,72,1960
12,Surfin' U.S.A. - Remastered,The Beach Boys,pop,baroque pop,1942,21,1963,159,85,55,-6,11,97,149,66,4,71,1960
13,Pinball Wizard,The Who,rock,album rock,1945,24,1969,124,72,54,-9,26,47,181,2,4,69,1960
15,Please Mr. Postman,The Marvelettes,pop,brill building pop,1944,17,1961,122,78,79,-5,18,97,148,73,3,68,1960
17,Back In The U.S.S.R. - Remastered 2009,The Beatles,british invasion,british invasion,1942,26,1968,142,97,48,-7,6,49,163,7,9,66,1960
18,Suite: Judy Blue Eyes - Remastered,Crosby Stills & Nash,rock,album rock,1944,25,1969,154,36,45,-13,20,30,444,47,4,66,1960
19,Waterloo Sunset - Mono Mix,The Kinks,rock,album rock,1944,23,1967,108,69,51,-7,17,42,194,16,2,65,1960
20,Baby I Need Your Loving,Four Tops,adult standards,adult standards,1942,23,1965,121,69,63,-6,19,65,166,44,4,63,1960
23,It Takes Two,Marvin Gaye,soul,classic soul,1939,27,1966,151,48,52,-11,8,81,178,21,5,62,1960
24,This Will Be Our Year,The Zombies,rock,art rock,1945,23,1968,98,42,54,-7,19,54,128,63,3,61,1960
28,Rhythm of the Rain,The Cascades,adult standards,adult standards,1938,25,1963,117,66,66,-8,14,67,146,63,4,59,1960
30,Friday On My Mind,The Easybeats,rock,australian rock,1946,19,1965,95,99,37,-1,9,51,163,38,8,59,1960
31,Today,Jefferson Airplane,rock,art rock,1948,19,1967,90,31,51,-14,13,29,178,70,3,59,1960
32,Always See Your Face,Love,rock,art rock,1946,23,1969,110,58,57,-13,6,92,209,38,3,58,1960
33,Astral Weeks - 1999 Remaster,Van Morrison,rock,classic rock,1945,23,1968,81,35,45,-15,14,61,426,54,3,58,1960
34,Both Sides Now,Joni Mitchell,folk,canadian folk,1943,26,1969,97,16,62,-15,14,33,275,91,3,58,1960
35,Tous les garçons et les filles - Slow,Françoise Hardy,folk,chanson,1944,18,1962,108,37,74,-10,14,89,188,81,3,57,1960
37,Needles and Pins - Mono,The Searchers,adult standards,adult standards,1940,24,1964,124,95,56,-7,6,89,131,5,4,56,1960
38,Little Bit Of Rain,Karen Dalton,country,alternative country,1937,32,1969,174,6,43,-22,10,36,157,93,4,56,1960
39,Young Girl,Gary Puckett & The Union Gap,adult standards,adult standards,1942,26,1968,119,54,41,-8,51,45,194,65,3,56,1960
40,Leaving Trunk,Taj Mahal,blues,acoustic blues,1942,26,1968,174,50,54,-11,17,95,290,20,5,55,1960
41,Dream A Little Dream Of Me,Ella Fitzgerald,adult standards,adult standards,1917,46,1963,72,7,28,-24,11,22,246,93,8,54,1960
42,The Old Man's Back Again (Dedicated To The Neo-Stalinist Regime),Scott Walker,pop,art pop,1943,26,1969,91,45,42,-16,16,78,221,58,4,54,1960
43,Pictures of Matchstick Men - Mono Version,Status Quo,rock,album rock,1948,20,1968,173,60,24,-4,5,42,191,7,3,54,1960
45,I'm Gonna Make You Love Me,Diana Ross & The Supremes,pop,classic girl group,1943,25,1968,98,39,64,-12,26,43,187,39,4,54,1960
48,You Ain't Goin' Nowhere,The Byrds,rock,art rock,1943,25,1968,132,43,51,-14,76,70,153,11,4,53,1960
49,Everybody Knows This Is Nowhere - 2009 Remaster,Neil Young,rock,album rock,1945,24,1969,158,64,52,-9,42,85,149,2,3,52,1960
50,Everybody Needs Somebody To Love - Long Version,The Rolling Stones,rock,album rock,1943,22,1965,178,73,53,-8,11,80,303,26,7,52,1960
54,Itchycoo Park (Mono Version) - 2012 Remaster,Small Faces,rock,art rock,1947,20,1967,127,56,61,-10,12,56,167,58,7,51,1960
61,I Walk on Guilded Splinters,Dr. John,blues,blues,1941,27,1968,90,29,65,-19,9,71,466,56,8,48,1960
62,Goin' Back,The Byrds,rock,art rock,1943,25,1968,116,45,50,-10,12,55,206,36,3,47,1960
63,Isfahan,Duke Ellington,adult standards,adult standards,1899,68,1967,173,7,25,-14,10,9,246,98,3,47,1960
64,Hot Burrito #1,The Flying Burrito Brothers,country,alternative country,1943,26,1969,157,43,40,-13,17,35,217,1,3,46,1960
65,Over Under Sideways Down - The Mono Album,The Yardbirds,rock,album rock,1944,22,1966,97,86,53,-11,31,39,143,29,8,46,1960
68,She'd Rather Be With Me,The Turtles,pop,brill building pop,1946,21,1967,124,78,49,-11,15,94,142,27,3,46,1960
70,Locomotive,Thelonious Monk,jazz,bebop,1917,50,1967,112,44,67,-11,13,70,400,78,4,46,1960
72,Telstar,The Tornados,british invasion,british invasion,1940,22,1962,146,75,20,-7,38,63,195,0,4,45,1960
73,So Much In Love,The Tymes,r&b,beach music,1938,25,1963,76,49,55,-10,45,44,140,79,3,45,1960
75,Trouble Every Day,Frank Zappa,rock,album rock,1940,26,1966,121,78,31,-13,90,48,350,51,8,44,1960
77,The Game Of Love,Wayne Fontana & The Mindbenders,british invasion,british invasion,1945,19,1964,109,83,57,-4,19,96,127,9,3,43,1960
78,Ringo,Lorne Greene,country,cowboy western,1915,49,1964,111,52,56,-13,22,65,214,86,31,43,1960
79,Black Christ of the Andes (St. Martin de Porres),Mary Lou Williams,jazz,bebop,1910,54,1964,89,7,20,-20,13,6,400,98,3,42,1960
80,Sheila,Tommy Roe,adult standards,adult standards,1942,20,1962,136,57,42,-9,6,48,127,28,11,42,1960
82,Barabajagal (with Jeff Beck Group),Donovan,rock,art rock,1946,23,1969,100,57,67,-17,8,68,200,10,7,42,1960
83,On The Sunny Side Of The Ocean,John Fahey,folk,drone folk,1939,26,1965,116,73,48,-10,16,48,193,81,3,41,1960
85,Mr. Soul,Buffalo Springfield,rock,blues rock,1944,25,1969,135,55,67,-13,4,96,172,10,3,41,1960
86,My Spiritual Indian,Eddie Palmieri,latin,boogaloo,1936,33,1969,121,92,48,-6,7,50,400,58,8,41,1960
87,Myself When I Am Real,Charles Mingus,jazz,avant-garde jazz,1922,41,1963,81,19,32,-17,8,10,456,99,4,41,1960
89,Cry Like a Baby,The Box Tops,pop,brill building pop,1948,20,1968,133,47,67,-12,50,77,152,34,3,40,1960
91,Lovely Sky Boat,Alice Coltrane,pop,afropop,1937,31,1968,119,43,34,-17,19,44,411,45,5,38,1960
92,The Ballad of Bonnie & Clyde,Georgie Fame,blues,british blues,1943,25,1968,107,47,71,-10,25,74,190,71,9,38,1960
95,Live Wire,The Meters,rock,afrobeat,1945,24,1969,114,77,68,-12,17,96,160,27,4,36,1960
1,Bohemian Rhapsody - 2011 Mix,Queen,rock,glam rock,1948,27,1975,71,40,41,-10,30,22,354,27,5,84,1970
2,Highway to Hell,AC/DC,rock,album rock,1952,27,1979,116,91,57,-5,16,42,208,6,13,83,1970
3,Don't Stop Me Now - 2011 Mix,Queen,rock,glam rock,1948,30,1978,156,87,56,-5,78,61,209,5,17,82,1970
4,Rocket Man (I Think It's Going To Be A Long Long Time),Elton John,rock,glam rock,1947,25,1972,137,53,60,-9,9,34,282,43,3,81,1970
5,We Will Rock You - Remastered,Queen,rock,glam rock,1948,29,1977,81,50,69,-7,26,48,122,68,12,79,1970
6,Let It Be - Remastered 2009,The Beatles,british invasion,british invasion,1942,28,1970,143,40,44,-8,11,41,243,63,3,79,1970
7,Mr. Blue Sky,Electric Light Orchestra,rock,album rock,1946,31,1977,178,34,39,-10,25,48,303,65,3,79,1970
8,Tiny Dancer,Elton John,rock,glam rock,1947,24,1971,145,43,41,-11,15,28,377,38,3,79,1970
9,Dreams - 2004 Remaster,Fleetwood Mac,rock,album rock,1946,31,1977,120,49,83,-10,13,79,258,6,3,79,1970
10,I Was Made For Lovin' You,KISS,rock,album rock,1949,30,1979,128,85,77,-6,7,87,271,21,4,78,1970
11,Immigrant Song - Remaster,Led Zeppelin,rock,album rock,1946,24,1970,113,93,56,-10,35,62,146,1,6,77,1970
12,Imagine - Remastered,John Lennon,rock,album rock,1940,31,1971,76,26,55,-12,9,17,188,91,3,77,1970
13,How Deep Is Your Love,Bee Gees,adult standards,adult standards,1947,32,1979,105,36,63,-9,13,67,245,11,3,77,1970
14,We Are The Champions - Remastered 2011,Queen,rock,glam rock,1948,29,1977,64,46,27,-7,12,18,179,38,3,76,1970
15,Don't Go Breaking My Heart,Elton John,rock,glam rock,1947,28,1975,131,84,73,-9,6,78,275,15,3,75,1970
16,Somebody To Love - 2011 Mix,Queen,rock,glam rock,1948,28,1976,109,70,41,-7,23,33,296,19,6,75,1970
17,Rock And Roll All Nite,KISS,rock,album rock,1949,26,1975,145,93,65,-6,5,90,169,5,10,75,1970
18,Listen to the Music,The Doobie Brothers,rock,album rock,1950,22,1972,106,60,65,-13,7,91,227,22,3,75,1970
19,Take It Easy - 2013 Remaster,Eagles,rock,album rock,1947,25,1972,139,67,57,-10,13,74,212,34,3,75,1970
20,Smoke On The Water - Remastered 2012,Deep Purple,rock,album rock,1947.75,24.25,1972,114,68,60,-9,11,81,341,13,3,75,1970
21,Gimme! Gimme! Gimme! (A Man After Midnight),ABBA,pop,europop,1946.5,32.5,1979,120,49,75,-10,16,54,293,2,4,74,1970
22,Love Of My Life - Remastered 2011,Queen,rock,glam rock,1948,27,1975,154,18,33,-12,12,26,217,93,3,74,1970
23,Father And Son,Yusuf / Cat Stevens,folk,british folk,1948,22,1970,136,33,50,-11,10,40,221,59,3,74,1970
24,Rebel Rebel - 2016 Remaster,David Bowie,rock,album rock,1947,27,1974,126,69,64,-16,28,46,275,21,5,74,1970
25,You're The One That I Want - From â€œGreaseâ€,John Travolta,pop,hollywood,1954,24,1978,107,61,76,-11,10,82,170,28,6,74,1970
26,The Boys Are Back In Town,Thin Lizzy,rock,album rock,1948.5,27.5,1976,81,71,45,-10,21,77,267,23,5,74,1970
27,Brandy (You're a Fine Girl),Looking Glass,rock,soft rock,1950,22,1972,125,63,72,-11,13,83,187,40,6,73,1970
28,Starman - 2012 Remaster,David Bowie,rock,album rock,1947,25,1972,100,45,49,-10,54,55,254,17,3,73,1970
29,Mamma Mia,ABBA,pop,europop,1946.5,28.5,1975,138,75,75,-7,47,83,213,30,3,72,1970
30,Life in the Fast Lane - 2013 Remaster,Eagles,rock,album rock,1947,29,1976,110,76,67,-7,5,88,286,10,7,72,1970
31,Rock with You - Single Version,Michael Jackson,pop,pop,1958,21,1979,114,54,81,-13,16,85,221,18,4,72,1970
32,Another Brick In The Wall Pt. 2 - 2011 Remastered Version,Pink Floyd,rock,album rock,1944.5,34.5,1979,104,39,69,-16,25,72,239,8,4,72,1970
33,YMCA - Original Version 1978,Village People,disco,disco,1944.66,33.34,1978,127,97,72,-5,12,73,287,6,14,71,1970
34,Take Me Home Country Roads,John Denver,adult standards,adult standards,1943,28,1971,82,40,46,-9,12,63,190,76,3,70,1970
35,Reelin' In The Years,Steely Dan,rock,album rock,1947.8,24.2,1972,135,76,52,-10,11,71,275,12,4,70,1970
36,Mandy,Barry Manilow,adult standards,adult standards,1943,31,1974,104,46,31,-9,14,32,213,42,3,69,1970
37,Everything I Own,Bread,adult standards,adult standards,1942.25,29.75,1972,79,34,37,-13,10,45,187,74,3,69,1970
38,Sailing,Rod Stewart,adult standards,adult standards,1945,30,1975,129,37,43,-10,32,19,278,37,3,68,1970
39,Detroit Rock City,KISS,rock,album rock,1949,29,1978,91,90,55,-7,29,46,216,4,7,68,1970
40,Let Your Love Flow,The Bellamy Brothers,country,country,1948,28,1976,109,55,68,-15,14,95,199,6,3,68,1970
41,You Ain't Seen Nothing Yet,Bachman-Turner Overdrive,rock,album rock,1947.5,26.5,1974,118,44,48,-15,22,76,235,0,4,68,1970
43,Guilty (feat. Barry Gibb),Barbra Streisand,adult standards,adult standards,1942,38,1980,151,43,63,-16,11,95,264,23,4,67,1970
44,Fat Bottomed Girls - 2011 Remaster,Queen,rock,glam rock,1948,30,1978,89,68,33,-8,34,42,256,3,5,67,1970
45,Love Really Hurts Without You,Billy Ocean,rock,dance rock,1950,26,1976,141,90,52,-4,10,96,179,0,3,66,1970
46,Your Song,Elton John,rock,glam rock,1947,24,1971,128,33,55,-11,11,30,241,78,3,66,1970
47,Here You Come Again,Dolly Parton,pop,classic country pop,1946,31,1977,106,51,53,-9,4,56,179,65,4,66,1970
48,Move On Up,Curtis Mayfield,soul,chicago soul,1942,28,1970,139,97,54,-6,12,93,166,42,9,66,1970
49,Waterloo,ABBA,pop,europop,1946.5,27.5,1974,148,95,45,-5,9,65,169,40,5,66,1970
50,A Song for You,Donny Hathaway,soul,chicago soul,1945,26,1971,88,22,32,-13,25,7,326,82,4,65,1970
51,"Evergreen (Love Theme from, ""A Star Is Born"")",Barbra Streisand,adult standards,adult standards,1942,34,1976,114,30,34,-11,9,19,185,93,3,65,1970
52,Dancing Queen,ABBA,pop,europop,1946.5,29.5,1976,101,93,51,-4,56,68,231,17,5,65,1970
53,Can't You See,The Marshall Tucker Band,rock,album rock,1948,25,1973,164,71,41,-5,11,58,365,28,3,65,1970
54,Won't Get Fooled Again - Original Album Version,The Who,rock,album rock,1944.75,26.25,1971,135,92,69,-6,8,23,511,30,6,65,1970
55,Bennie And The Jets - Remastered 2014,Elton John,rock,glam rock,1947,26,1973,133,67,67,-8,50,78,323,26,5,65,1970
56,Sunny,Boney M.,disco,disco,1950,26,1976,122,87,65,-6,13,80,242,9,11,64,1970
57,It's A Shame,The Spinners,soul,classic soul,1940,30,1970,199,64,37,-12,12,71,190,9,6,64,1970
58,Voulez-Vous,ABBA,pop,europop,1946.5,32.5,1979,127,77,71,-7,17,90,309,15,4,63,1970
59,Goodbye Yellow Brick Road - Remastered 2014,Elton John,rock,glam rock,1947,26,1973,121,47,56,-8,15,40,193,45,3,63,1970
60,Since You Been Gone,Rainbow,rock,album rock,1947.4,31.6,1979,121,60,73,-10,60,94,198,37,4,63,1970
61,Sorry Seems To Be The Hardest Word,Elton John,rock,glam rock,1947,29,1976,118,22,37,-13,20,11,229,83,3,62,1970
62,You To Me Are Everything,The Real Thing,funk,brit funk,1952,47,1999,102,91,64,-8,8,82,210,23,10,62,1970
63,Please Mr. Postman,Carpenters,adult standards,adult standards,1948,27,1975,133,55,66,-12,24,96,173,14,3,62,1970
64,Stumblin' In - 2017 Remaster,Suzi Quatro,pop,classic uk pop,1950,28,1978,129,72,76,-11,35,92,240,13,3,61,1970
65,Lady Writer,Dire Straits,rock,album rock,1949.5,29.5,1979,148,81,63,-9,7,96,225,10,3,61,1970
66,Knowing Me Knowing You,ABBA,pop,europop,1946.5,29.5,1976,107,73,55,-7,24,91,242,4,3,61,1970
67,Ophelia - Remastered 2000,The Band,rock,album rock,1941.2,33.8,1975,92,68,83,-7,33,95,213,68,3,61,1970
68,I Will Survive - Extended Version,Gloria Gaynor,disco,disco,1943,35,1978,116,85,76,-5,27,59,197,6,5,61,1970
69,Sweet Virginia,The Rolling Stones,rock,album rock,1942.4,29.6,1972,107,74,48,-5,26,56,267,50,4,60,1970
70,The Way We Were,Barbra Streisand,adult standards,adult standards,1942,32,1974,138,32,26,-12,13,17,211,89,3,60,1970
71,September Earth, Wind & Fire,disco,disco,1951,23,1974,126,83,69,-7,25,98,215,17,3,60,1970
72,Doctor Doctor - 2007 Remaster,UFO,rock,album rock,1951.5,22.5,1974,143,80,30,-7,50,56,252,0,5,60,1970
73,Ain't No Mountain High Enough,Diana Ross,adult standards,adult standards,1944,26,1970,99,79,39,-5,38,38,215,19,4,60,1970
74,Baby Come Back,Player,rock,soft rock,1950,27,1977,157,57,65,-11,12,56,214,5,11,59,1970
75,Boulder to Birmingham - Remastered,Emmylou Harris,rock,country rock,1947,28,1975,126,32,48,-11,10,31,213,78,3,59,1970
76,S.O.S.,ABBA,pop,europop,1946.5,28.5,1975,125,71,42,-6,29,58,202,25,3,59,1970
77,Now That We Found Love,The O'Jays,soul,classic soul,1940.5,32.5,1973,114,65,72,-8,27,96,281,25,4,59,1970
78,Fire on the Mountain,The Marshall Tucker Band,rock,album rock,1946.5,28.5,1975,102,83,51,-6,16,57,236,11,4,58,1970
79,Lost in Music,Sister Sledge,dance pop,dance pop,1957.5,21.5,1979,114,84,76,-8,10,85,287,5,3,58,1970
80,You Make Me Feel Like Dancing,Leo Sayer,adult standards,adult standards,1948,28,1976,96,73,73,-5,11,71,221,8,5,57,1970
81,The Boss,Diana Ross,adult standards,adult standards,1944,35,1979,124,91,64,-4,21,83,241,24,5,57,1970
82,Come and Get Your Love,Redbone,soul,native american,1942.25,31.75,1974,106,79,67,-6,8,85,300,13,5,56,1970
83,Moviestar,Harpo,pop,classic uk pop,1950,26,1976,119,79,55,-8,33,71,202,29,3,56,1970
84,Easy Livin',Uriah Heep,rock,album rock,1948.33,23.67,1972,161,84,26,-7,28,46,157,0,10,56,1970
85,Three Times A Lady,Commodores,adult standards,adult standards,1948.75,29.25,1978,151,13,37,-17,14,20,215,94,3,56,1970
86,Living Next Door to Alice,Smokie,pop,classic uk pop,1951.5,23.5,1975,126,40,59,-15,25,78,208,11,4,56,1970
87,Dancing In The Moonlight,King Harvest,rock,soft rock,1947,26,1973,136,72,65,-5,41,68,178,68,4,56,1970
88,You Are Everything,Diana Ross,adult standards,adult standards,1944,29,1973,150,53,52,-10,14,50,190,3,5,56,1970
89,I Want You,Marvin Gaye,soul,classic soul,1939,37,1976,101,79,52,-10,24,74,274,85,3,56,1970
90,Love Comes To Everyone - 2004 Mix,George Harrison,rock,album rock,1943,36,1979,107,68,72,-9,5,51,276,7,4,55,1970
91,Rock Your Baby,George McCrae,disco,disco,1944,30,1974,104,77,59,-11,7,95,201,31,4,55,1970
92,The Shape I'm In - Remastered 2000,The Band,rock,album rock,1941.2,28.8,1970,128,67,72,-8,30,96,241,24,4,54,1970
93,Midnight Train to Georgia - Short Version,Gladys Knight & The Pips,adult standards,adult standards,1944,29,1973,177,42,44,-10,19,39,199,7,8,53,1970
94,Daddy Cool,Boney M.,disco,disco,1950,26,1976,125,63,75,-12,23,96,206,25,4,53,1970
95,Sad Eyes - Remastered,Robert John,rock,soft rock,1946,33,1979,107,46,43,-7,13,69,253,60,3,53,1970
96,I Feel Love - Edit,Donna Summer,dance pop,dance pop,1948,29,1977,126,91,66,-9,8,94,227,3,4,52,1970
97,Just Got Paid,ZZ Top,rock,album rock,1949,23,1972,100,69,57,-11,12,63,267,29,4,52,1970
98,Killer Queen - 2011 Mix,Queen,rock,glam rock,1948,26,1974,117,65,54,-6,13,61,180,39,5,51,1970
99,I'd Really Love to See You Tonight - 2012 Collection Remaster,England Dan,adult standards,adult standards,1948,28,1976,119,77,58,-5,17,67,158,20,3,50,1970
100,I Got Lucky,Elvis Presley,adult standards,adult standards,1935,36,1971,93,39,73,-12,20,96,116,84,4,49,1970
101,Baretta's Theme,Sammy Davis Jr.,adult standards,adult standards,1925,51,1976,105,91,64,-8,28,69,146,35,6,48,1970
102,One of These Days,Emmylou Harris,rock,country rock,1947,28,1975,125,39,66,-9,12,68,184,45,3,46,1970
103,My Heart Belongs to Me,Barbra Streisand,adult standards,adult standards,1942,35,1977,139,21,27,-16,18,30,201,74,3,44,1970
104,Telegram Sam,T. Rex,rock,album rock,1946.25,25.75,1972,123,94,52,-4,9,44,226,2,12,40,1970
101,Cold as Ice - 2008 Remaster,Foreigner,rock,album rock,1946.666667,30.33333333,1977,131,71,55,-5,14,51,200,6,3,57,1970
71,I Will Always Love You - Film Version,Dolly Parton,dance pop,dance pop,1946,28,1974,133,28,34,-10,10,12,275,61,4,57,1970
1,Livin' On A Prayer,Bon Jovi,metal,glam metal,1959,27,1986,123,89,53,-4,29,80,249,8,3,83,1980
2,Africa,TOTO,rock,album rock,1953,29,1982,93,37,67,-18,5,73,296,26,3,83,1980
3,Another One Bites The Dust - Remastered 2011,Queen,rock,glam rock,1948,32,1980,110,53,93,-6,16,75,215,11,16,82,1980
4,Break My Stride,Matthew Wilder,pop,new wave pop,1953,30,1983,110,59,92,-11,9,83,184,20,6,81,1980
5,I Wanna Dance with Somebody (Who Loves Me),Whitney Houston,dance pop,dance pop,1963,24,1987,119,82,71,-9,9,87,291,21,5,80,1980
6,Summer Of '69,Bryan Adams,rock,album rock,1959,25,1984,139,83,51,-6,7,77,216,2,4,80,1980
7,You Give Love A Bad Name,Bon Jovi,metal,glam metal,1959,27,1986,123,96,54,-3,34,81,223,7,5,80,1980
8,Everybody Wants To Rule The World,Tears For Fears,rock,dance rock,1958,27,1985,112,80,65,-12,10,54,251,35,5,80,1980
9,I'm Still Standing,Elton John,rock,glam rock,1947,36,1983,177,90,50,-7,14,77,183,36,18,79,1980
10,Uptown Girl,Billy Joel,rock,album rock,1949,34,1983,129,94,70,-3,60,79,198,7,5,77,1980
11,Last Christmas,Wham!,rock,dance rock,1963,21,1984,108,58,74,-9,18,94,265,19,3,78,1980
12,Uptown Girl,Billy Joel,rock,album rock,1949,34,1983,129,94,70,-3,60,79,198,7,5,77,1980
13,Radio Ga Ga - 2011 Mix,Queen,rock,glam rock,1948,36,1984,112,50,74,-8,19,66,348,18,4,76,1980
14,Heaven,Bryan Adams,rock,album rock,1959,25,1984,140,59,38,-7,12,34,243,5,3,76,1980
15,9 to 5,Dolly Parton,pop,classic country pop,1946,34,1980,105,78,55,-6,63,81,162,42,5,76,1980
16,Eye of the Tiger,Survivor,rock,album rock,1952.5,32.5,1985,109,60,82,-9,9,55,246,13,3,76,1980
17,Right Here Waiting,Richard Marx,folk,mellow gold,1963,26,1989,178,25,40,-14,10,13,264,80,3,75,1980
18,Listen to Your Heart,Roxette,pop,europop,1958.5,29.5,1988,86,58,54,-5,11,34,328,11,3,75,1980
19,Born in the U.S.A.,Bruce Springsteen,rock,classic rock,1949,35,1984,122,95,40,-6,10,58,279,0,6,75,1980
20,Pour Some Sugar On Me - Remastered 2017,Def Leppard,rock,album rock,1959.5,27.5,1987,85,95,27,-5,28,57,267,0,10,74,1980
21,Against All Odds (Take a Look at Me Now) ,Phil Collins,folk,mellow gold,1951,33,1984,116,50,58,-7,13,11,206,20,3,74,1980
22,Maniac,Michael Sembello,dance pop,hi-nrg,1954,29,1983,159,53,62,-12,4,84,245,9,7,73,1980
23,Hungry Eyes,Eric Carmen,adult standards,adult standards,1949,48,1997,110,55,71,-9,12,55,251,1,3,73,1980
24,Panama - 2015 Remaster,Van Halen,rock,album rock,1955,29,1984,141,98,53,-5,7,46,210,0,11,73,1980
25,Forever Young,Alphaville,rock,dance rock,1954,30,1984,137,48,49,-9,24,33,227,42,3,73,1980
26,I Love Rock 'N Roll,Joan Jett & The Blackhearts,punk,glam punk,1958,23,1981,94,72,54,-5,66,90,175,33,4,72,1980
27,Sacrifice,Elton John,rock,glam rock,1947,42,1989,113,42,76,-13,4,49,304,2,3,72,1980
28,Material Girl,Madonna,dance pop,dance pop,1958,26,1984,137,88,74,-3,10,98,240,33,3,72,1980
29,The Winner Takes It All,ABBA,pop,europop,1946.5,33.5,1980,126,79,45,-7,9,52,295,57,4,72,1980
30,Smalltown Boy,Bronski Beat,rock,dance rock,1958.5,25.5,1984,135,58,69,-11,12,94,302,29,3,71,1980
31,(I Just) Died In Your Arms,Cutting Crew,rock,album rock,1951,35,1986,125,73,63,-11,6,51,280,2,4,71,1980
32,Brothers In Arms,Dire Straits,rock,album rock,1949.5,35.5,1985,79,30,41,-14,18,14,424,53,3,71,1980
33,Glory of Love,Peter Cetera,adult standards,adult standards,1944,42,1986,145,59,52,-8,31,31,258,8,3,71,1980
34,Super Trouper,ABBA,pop,europop,1946.5,33.5,1980,118,63,76,-8,20,96,253,46,3,70,1980
35,Flashdance...What a Feeling - Radio Edit,Irene Cara,rock,dance rock,1959,24,1983,122,65,57,-7,9,40,237,1,3,70,1980
36,Every Time You Go Away - Radio Edit,Paul Young,rock,album rock,1956,35,1991,164,72,57,-9,22,84,267,19,4,70,1980
37,Self Control,Laura Branigan,rock,dance rock,1952,32,1984,107,69,81,-12,16,78,246,22,3,70,1980
38,Say You Say Me,Lionel Richie,adult standards,adult standards,1949,37,1986,128,41,64,-11,8,26,241,36,3,70,1980
39,Heaven Is a Place on Earth,Belinda Carlisle,dance pop,dance pop,1958,29,1987,123,85,64,-8,5,79,247,2,3,70,1980
40,I Want To Break Free - Remastered 2011,Queen,rock,glam rock,1948,36,1984,109,41,88,-11,12,78,199,8,4,70,1980
41,Arthur's Theme (Best That You Can Do),Christopher Cross,adult standards,adult standards,1951,30,1981,137,52,53,-11,18,52,234,17,4,70,1980
42,Carrie,Europe,rock,album rock,1963.333333,22.66666667,1986,137,49,46,-7,36,14,272,11,3,70,1980
43,We Are The World,U.S.A. For Africa,,,1953.5,31.5,1985,73,45,53,-15,7,29,427,19,4,69,1980
44,Stuck On You,Lionel Richie,adult standards,adult standards,1949,34,1983,132,32,51,-16,9,25,192,62,3,69,1980
45,Hurts So Good,John Mellencamp,rock,album rock,1951,31,1982,125,74,79,-5,11,97,219,4,4,69,1980
46,How Am I Supposed to Live Without You,Michael Bolton,adult standards,adult standards,1953,36,1989,140,44,54,-12,11,23,256,19,3,69,1980
47,Hysteria,Def Leppard,rock,album rock,1959.5,27.5,1987,107,85,66,-6,20,66,355,3,3,68,1980
48,Nikita,Elton John,rock,glam rock,1947,38,1985,87,66,63,-9,7,75,343,12,3,68,1980
49,Dancing With Myself,Billy Idol,rock,album rock,1955,30,1985,177,70,51,-11,30,91,360,2,8,68,1980
50,I'll Be Over You,TOTO,rock,album rock,1952,34,1986,82,28,52,-18,26,41,230,6,3,68,1980
51,Kids In America,Kim Wilde,dance pop,dance pop,1960,21,1981,160,78,56,-4,12,31,206,10,5,68,1980
52,St. Elmos Fire (Man in Motion),John Parr,rock,album rock,1952,33,1985,111,60,61,-11,22,47,252,15,3,68,1980
53,One More Night - 2016 Remaster,Phil Collins,folk,mellow gold,1951,34,1985,136,44,53,-9,10,34,289,79,3,68,1980
54,Where Do Broken Hearts Go,Whitney Houston,dance pop,dance pop,1963,24,1987,62,39,46,-12,7,25,278,63,3,67,1980
55,Guilty (feat. Barry Gibb),Barbra Streisand,adult standards,adult standards,1942,38,1980,151,43,63,-16,11,95,264,23,4,67,1980
56,Brother Louie,Modern Talking,dance pop,eurodance,1955,31,1986,109,84,78,-9,14,83,223,40,5,67,1980
57,Running Up That Hill (A Deal With God),Kate Bush,pop,art pop,1958,27,1985,108,55,63,-13,6,20,299,72,6,67,1980
58,End Of The Line,Traveling Wilburys,rock,album rock,1943.4,44.6,1988,167,84,58,-7,6,93,210,16,5,67,1980
59,Every Breath You Take,The Police,rock,album rock,1949.666667,33.33333333,1983,117,48,82,-9,8,72,252,56,3,67,1980
60,"Up Where We Belong - From ""An Officer And A Gentleman""",Joe Cocker,rock,album rock,1944,38,1982,140,31,63,-12,7,24,233,61,3,67,1980
61,Woman in Love,Barbra Streisand,adult standards,adult standards,1942,38,1980,170,28,47,-16,13,33,232,25,3,67,1980
62,Cheri Cheri Lady,Modern Talking,dance pop,eurodance,1955,30,1985,114,62,68,-14,35,85,226,46,3,66,1980
63,Higher Love - Single Version,Steve Winwood,rock,album rock,1948,38,1986,99,89,70,-7,50,92,252,6,4,66,1980
64,That's What Friends Are For,Dionne Warwick,adult standards,adult standards,1940,45,1985,120,24,68,-16,7,17,256,51,3,66,1980
65,Slave To Love,Bryan Ferry,rock,album rock,1945,40,1985,148,82,66,-6,5,79,266,18,3,66,1980
66,Big in Japan,Alphaville,rock,dance rock,1954,30,1984,98,41,75,-15,34,24,286,7,4,65,1980
67,Only You,Yazoo,rock,dance rock,1960.5,21.5,1982,106,31,75,-17,8,85,194,33,4,65,1980
68,Valerie,Steve Winwood,rock,album rock,1948,34,1982,116,53,72,-11,8,73,247,57,3,65,1980
69,Gold,Spandau Ballet,rock,dance rock,1959.5,23.5,1983,143,74,71,-8,10,64,231,26,4,65,1980
70,Nothing's Gonna Change My Love For You,Glenn Medeiros,rock,soft rock,1970,16,1986,142,43,45,-13,6,39,232,57,4,64,1980
71,Sledgehammer,Peter Gabriel,rock,album rock,1950,36,1986,96,69,66,-5,4,42,314,2,3,64,1980
72,Rhythm Of The Night,DeBarge,disco,disco,1961,24,1985,115,76,71,-12,8,96,229,8,5,64,1980
73,Jessie's Girl,Rick Springfield,rock,album rock,1949,32,1981,132,59,72,-14,10,85,194,33,5,64,1980
74,It's Raining Men,The Weather Girls,disco,disco,1947.5,48.5,1996,136,93,68,-6,70,61,211,32,12,64,1980
75,Sunshine Reggae,Laid Back,pop,classic danish pop,1948,35,1983,168,79,70,-6,8,93,258,10,4,64,1980
76,Wonderful Life,Black,rock,dance rock,1962,25,1987,106,52,72,-12,21,82,288,71,3,64,1980
77,The Riddle,Nik Kershaw,rock,dance rock,1958,26,1984,102,66,58,-8,14,90,235,12,3,63,1980
78,Papa Don't Preach,Madonna,dance pop,dance pop,1958,28,1986,122,91,81,-9,2,97,345,31,4,63,1980
79,Didn't We Almost Have It All,Whitney Houston,dance pop,dance pop,1963,24,1987,131,49,54,-10,14,34,305,42,3,63,1980
80,All Right,Christopher Cross,adult standards,adult standards,1951,32,1983,133,65,71,-5,23,50,254,17,4,63,1980
81,Biggest Part of Me,Ambrosia,adult standards,adult standards,1951.25,28.75,1980,153,72,50,-8,35,88,324,24,5,63,1980
82,Save a Prayer - 2009 Remaster,Duran Duran,rock,dance rock,1960.2,21.8,1982,114,71,57,-9,16,67,333,35,3,62,1980
83,Baby Come To Me,Patti Austin,adult standards,adult standards,1950,31,1981,90,50,63,-12,14,70,215,55,8,62,1980
84,Fame - Rerecorded,Irene Cara,rock,dance rock,1959,21,1980,131,80,71,-7,8,94,319,7,3,62,1980
85,Hard Habit to Break - 2006 Remaster,Chicago,adult standards,adult standards,1946,38,1984,81,61,58,-6,17,40,284,45,3,61,1980
86,Rock You Like a Hurricane,Scorpions,rock,album rock,1948,36,1984,124,83,58,-6,32,67,254,0,4,61,1980
87,When the Children Cry,White Lion,rock,album rock,1961,26,1987,130,24,49,-14,7,38,259,67,3,61,1980
88,Is This Love - 2017 Remaster,Whitesnake,rock,album rock,1954.666667,32.33333333,1987,180,79,33,-7,12,53,285,11,4,60,1980
89,I Knew You Were Waiting (For Me),George Michael,pop,new wave pop,1963,23,1986,108,68,73,-11,31,68,242,27,4,60,1980
90,You Keep Me Hangin On,Kim Wilde,dance pop,dance pop,1960,26,1986,123,68,69,-12,14,71,255,8,3,60,1980
91,Dancing with Tears in My Eyes,Ultravox,rock,art rock,1950.5,33.5,1984,144,91,59,-8,60,93,244,15,4,59,1980
92,In The Army Now,Status Quo,rock,album rock,1949,37,1986,105,73,68,-8,14,94,281,11,2,59,1980
93,Here I Go Again - 2017 Remaster,Whitesnake,rock,album rock,1954.666667,32.33333333,1987,90,85,38,-6,9,27,276,15,4,58,1980
94,Holiday,Madonna,dance pop,dance pop,1958,25,1983,118,70,81,-9,5,73,232,3,5,58,1980
95,I Think We're Alone Now,Tiffany,pop,new wave pop,1971,16,1987,130,89,65,-5,9,70,227,0,4,58,1980
96,Zulu Nation Throw Down,Afrika Bambaataa,hip hop,bronx hip hop,1957,23,1980,108,95,85,-4,10,91,433,76,19,50,1980
97,It's Only Love - 2008 Remaster,Simply Red,soul,british soul,1960,24,1984,92,88,67,-5,4,75,299,51,4,50,1980
98,Lucky Star,Madonna,dance pop,dance pop,1958,25,1983,117,81,80,-5,22,93,338,20,4,46,1980
99,Pump Up The Jam,Technotronic,dance pop,eurodance,1956,33,1989,125,84,89,-9,5,72,320,1,7,46,1980
100,Sweet Dreams,La Bouche,pop,bubblegum dance,1941,42,1983,134,96,66,-6,9,83,205,8,5,62,1980
1,No Scrubs,TLC,hip hop,atl hip hop,1970,29,1999,93,68,74,-4,7,59,214,3,10,79,1990
2,I Want It That Way,Backstreet Boys,pop,boy band,1975,24,1999,99,70,69,-6,16,48,214,22,3,76,1990
3,"Because You Loved Me (Theme from ""Up Close and Personal"")",CÃ©line Dion,pop,canadian pop,1968,28,1996,120,47,61,-10,10,18,274,31,3,74,1990
4,Big Poppa - 2005 Remaster,The Notorious B.I.G.,hip hop,east coast hip hop,1972,22,1994,84,58,78,-7,14,76,253,43,27,74,1990
5,I Got 5 On It,Luniz,funk,g funk,1975,20,1995,174,71,60,-8,13,58,254,21,36,73,1990
6,Boom Boom Boom Boom!!,Vengaboys,pop,bubblegum dance,1974,24,1998,138,89,80,-7,3,97,202,1,4,73,1990
7,Everybody (Backstreet's Back) - Radio Edit,Backstreet Boys,pop,boy band,1975,22,1997,108,85,73,-4,27,61,225,4,4,73,1990
8,Bed Of Roses,Bon Jovi,metal,glam metal,1962,30,1992,165,60,31,-6,21,16,394,10,3,73,1990
9,Don't Look Back in Anger - Remastered,Oasis,pop,britpop,1970,25,1995,163,94,33,-3,15,33,290,7,6,73,1990
10,Always Be My Baby,Mariah Carey,dance pop,dance pop,1970,25,1995,79,53,65,-8,25,49,258,46,4,73,1990
11,Angels,Robbie Williams,dance pop,dance pop,1974,23,1997,150,59,43,-6,10,24,265,16,3,73,1990
12,Return of the Mack,Mark Morrison,soul,british soul,1972,24,1996,95,83,72,-5,16,61,213,1,11,72,1990
13,Pony,Ginuwine,dance pop,dance pop,1970,29,1999,142,61,75,-9,12,97,252,0,9,72,1990
14,Freed From Desire,Gala,dance pop,eurodance,1975,22,1997,129,86,70,-4,10,64,213,59,5,71,1990
15,Better Off Alone,Alice DJ,pop,europop,1973,25,1998,137,82,67,-9,29,76,218,0,6,71,1990
16,Hero,Mariah Carey,dance pop,dance pop,1970,23,1993,120,38,50,-9,12,18,258,74,3,71,1990
17,End Of The Road,Boyz II Men,pop,boy band,1972,19,1991,150,43,64,-9,6,53,351,7,2,71,1990
18,I'll Be Missing You (feat. 112),Diddy,dance pop,dance pop,1969,28,1997,110,48,86,-9,59,93,302,5,6,71,1990
19,Forgot About Dre,Dr. Dre,funk,g funk,1965,34,1999,134,74,92,-1,16,62,222,8,8,71,1990
20,Fantasy,Mariah Carey,dance pop,dance pop,1970,25,1995,102,73,67,-8,12,80,243,14,4,70,1990
21,Who Am I (What's My Name)?,Snoop Dogg,funk,g funk,1971,22,1993,97,83,69,-4,52,69,246,0,5,70,1990
22,Mr. Vain - Original Radio Edit,Culture Beat,pop,bubblegum dance,1964,29,1993,133,100,70,-8,12,39,257,7,4,69,1990
23,Spending My Time,Roxette,pop,europop,1958.5,32.5,1991,171,57,42,-5,13,22,276,24,3,69,1990
24,Let's Get Loud,Jennifer Lopez,dance pop,dance pop,1969,30,1999,131,94,82,-5,35,91,239,14,6,69,1990
25,The Rhythm of the Night,Corona,pop,bubblegum dance,1968,26,1994,128,81,69,-12,10,80,264,0,3,69,1990
26,The Power of Love,Celine Dion,pop,canadian pop,1968,25,1993,140,52,55,-9,24,25,342,36,3,68,1990
27,Narcotic - Radio Edit,Liquido,rock,german alternative rock,1975,23,1998,102,61,62,-7,9,45,236,0,2,68,1990
28,Miami,Will Smith,hip hop,hip hop,1968,29,1997,108,53,88,-6,4,89,198,3,15,68,1990
29,Hypnotize - 2007 Remaster,The Notorious B.I.G.,hip hop,east coast hip hop,1972,25,1997,94,69,90,-4,29,63,230,18,28,68,1990
30,3AM,Matchbox Twenty,neo mellow,neo mellow,1969.25,26.75,1996,108,67,52,-9,12,54,226,1,3,68,1990
31,High,Lighthouse Family,pop,europop,1965,32,1997,102,63,66,-9,13,59,308,11,3,68,1990
32,L'Amour Toujours,Gigi D'Agostino,dance pop,eurodance,1967,32,1999,139,73,62,-8,36,81,239,3,3,67,1990
33,"Rhythm Is A Dancer - 7"" Edit",SNAP!,pop,diva house,1967,25,1992,124,75,79,-11,14,71,226,27,4,67,1990
34,Say My Name,Destiny's Child,dance pop,dance pop,1980.333333,18.66666667,1999,67,68,52,-4,13,75,271,27,16,67,1990
35,Heal the World,Michael Jackson,pop,pop,1958,33,1991,81,49,53,-8,10,10,384,54,5,67,1990
36,The Boy Is Mine,Brandy,dance pop,dance pop,1979.5,18.5,1998,93,71,70,-7,32,76,295,54,4,66,1990
37,Weak,SWV,dance pop,dance pop,1971.333333,20.66666667,1992,128,53,69,-11,7,57,292,11,4,66,1990
38,Walking in Memphis,Cher,dance pop,dance pop,1946,49,1995,129,68,70,-7,17,53,235,59,3,66,1990
39,Angel of Mine - Radio Mix,Monica,dance pop,dance pop,1980,18,1998,90,56,59,-7,22,21,250,0,2,66,1990
40,Picture Of You,Boyzone,pop,boy band,1952,45,1997,117,92,76,-6,37,88,206,10,4,65,1990
41,"Beauty and the Beast - from the Soundtrack ""Beauty and the Beast""",CÃ©line Dion,pop,canadian pop,1968,24,1992,77,40,46,-10,13,12,249,64,3,65,1990
42,Run To You,Bryan Adams,rock,album rock,1959,25,1984,127,81,56,-6,29,64,233,1,3,65,1990
43,No Matter What,Boyzone,pop,boy band,1952,46,1998,93,42,70,-9,14,53,274,19,2,65,1990
44,Blue (Da Ba Dee) - Gabry Ponte Ice Pop Radio,Eiffel 65,pop,bubblegum dance,1972,26,1998,128,97,82,-11,39,77,284,26,6,64,1990
45,Dreams,Gabrielle,soul,british soul,1970,23,1993,99,47,75,-14,22,57,223,17,4,64,1990
46,Fading Like a Flower (Every Time You Leave),Roxette,pop,europop,1958.5,32.5,1991,105,67,61,-6,22,32,231,20,3,64,1990
47,It's Not Right But It's Okay,Whitney Houston,dance pop,dance pop,1963,35,1998,128,80,81,-7,7,53,292,16,10,64,1990
48,Stay Another Day,East 17,pop,boy band,1972,22,1994,128,49,52,-8,19,44,267,58,3,63,1990
49,A Whole New World (Aladdin's Theme),Peabo Bryson,adult standards,adult standards,1951,42,1993,108,32,52,-10,14,13,243,63,3,63,1990
50,Encore Une Fois - Future Breeze Edit,Sash!,dance,bubblegum dance,1970,27,1997,133,93,66,-7,19,84,221,1,4,62,1990
51,Incomplete,Sisqo,dance pop,dance pop,1978,21,1999,119,44,75,-8,14,27,274,28,8,62,1990
52,Juicy - 2007 Remaster,The Notorious B.I.G.,hip hop,east coast hip hop,1972,22,1994,96,82,87,-5,15,79,301,48,26,62,1990
53,Mysterious Girl - Radio Edit,Peter Andre,pop,europop,1973,22,1995,172,82,66,-6,30,86,217,14,21,62,1990
54,I Have Nothing - Film Version,Whitney Houston,dance pop,dance pop,1963,29,1992,153,45,49,-9,9,17,296,76,3,61,1990
55,I Promised Myself,Nick Kamen,,,1962,28,1990,128,80,58,-12,3,69,241,0,3,61,1990
56,Relight My Fire (feat. Lulu),Take That,pop,boy band,1969.5,23.5,1993,123,94,65,-7,10,93,252,4,5,61,1990
57,More And More - Single Version,Captain Hollywood Project,pop,bubblegum dance,1962,31,1993,126,85,66,-12,9,71,254,23,3,60,1990
58,Free - Mood II Swing Radio Edit,Ultra Naté,electronic,deep house,1968,29,1997,125,92,76,-6,4,74,233,0,4,60,1990
59,"Circle of Life - From ""The Lion King""/Soundtrack Version",Elton John,rock,glam rock,1947,47,1994,161,39,30,-15,11,14,292,26,3,59,1990
60,Please Don't Go,Double You,dance pop,eurodance,1965,27,1992,120,84,71,-12,3,49,200,6,4,59,1990
61,Piu bella cosa,Eros Ramazzotti,pop,italian pop,1963,33,1996,110,79,67,-5,11,62,265,8,3,58,1990
62,When the Heartache Is Over,Tina Turner,disco,disco,1939,60,1999,115,77,69,-6,7,43,224,1,3,58,1990
63,Let There Be Love - 2002 Digital Remaster,Simple Minds,rock,art rock,1960,31,1991,88,88,49,-6,13,60,309,8,4,57,1990
64,I'll Be There,Mariah Carey,dance pop,dance pop,1970,28,1998,82,51,41,-10,93,30,264,70,3,56,1990
65,Don't Stop,ATB,dance pop,german dance,1973,26,1999,134,94,71,-5,32,57,221,15,4,56,1990
66,Das Boot,U96,pop,bubble trance,1967,25,1992,123,88,64,-8,25,33,314,1,7,56,1990
67,Hold On My Heart - 2007 Digital Remaster,Genesis,rock,album rock,1950.333333,40.66666667,1991,172,36,46,-13,7,27,278,61,3,56,1990
68,Real Real Gone,Van Morrison,rock,classic rock,1945,45,1990,142,85,70,-7,19,95,221,38,3,56,1990
69,King Of My Castle - Roy Malone's King Mix,Wamdue Project,disco,disco house,1972,26,1998,125,54,87,-9,6,76,299,4,8,55,1990
70,Be With You,Enrique Iglesias,dance pop,dance pop,1975,24,1999,122,87,68,-5,5,54,219,4,3,55,1990
71,Ain't That Just the Way,Lutricia McNeal,,,1973,23,1996,174,65,74,-9,19,77,215,6,22,55,1990
72,Have You Ever - Radio Edit,Brandy,dance pop,dance pop,1979.5,18.5,1998,134,48,68,-7,30,23,215,60,4,54,1990
73,Gangsta's Paradise,Coolio,funk,g funk,1963,32,1995,80,63,64,-6,40,42,242,4,5,54,1990
74,Show Me Love,Robin S,disco,disco house,1962,28,1990,120,72,82,-6,8,56,254,1,13,53,1990
75,When I Look Into Your Eyes,Firehouse,rock,album rock,1963.75,28.25,1992,147,61,39,-8,16,25,240,0,3,53,1990
76,Insomnia - Radio Edit,Faithless,electronic,big beat,1968,27,1995,127,92,71,-9,37,53,216,6,4,50,1990
77,If You Ever,East 17,pop,boy band,1972,24,1996,140,68,58,-9,31,57,255,18,3,48,1990
78,Doin' It,LL Cool J,hip hop,east coast hip hop,1968,28,1996,95,53,81,-12,12,62,294,34,19,46,1990
79,Please Forgive Me,Bryan Adams,rock,album rock,1959,34,1993,67,46,53,-7,10,15,356,50,3,43,1990
80,The Best - Edit,Tina Turner,disco,disco,1939,52,1991,104,83,68,-6,21,82,250,1,3,71,1990
81,Come On Eileen,Dexys Midnight Runners,pop,bow pop,1955.5,37.5,1993,107,87,41,-4,8,82,206,20,9,68,1990
82,Blue Monday '88,New Order,rock,alternative rock,1956.333333,37.66666667,1994,130,89,68,-8,6,95,245,0,4,65,1990
83,Now And Forever,Richard Marx,folk,mellow gold,1963,31,1994,78,26,44,-11,11,17,215,66,3,65,1990
84,Gloria,Laura Branigan,rock,dance rock,1952,43,1995,131,87,78,-4,15,88,295,14,3,66,1990
85,"Crockett's Theme - From ""Miami Vice II"" Soundtrack",Jan Hammer,jazz,jazz fusion,1948,43,1991,191,39,41,-17,10,40,215,42,3,58,1990
86,Romeo - 2014 Remaster,Donna Summer,dance pop,dance pop,1948,48,1996,141,85,85,-8,11,96,199,3,4,43,1990
1,In the End,Linkin Park,metal,alternative metal,1977,23,2000,105,86,56,-6,21,40,217,1,6,83,2000
2,The Scientist,Coldplay,rock,permanent wave,1977,25,2002,146,44,56,-7,11,21,310,73,2,83,2000
3,Numb,Linkin Park,metal,alternative metal,1977,26,2003,110,86,50,-4,64,24,186,0,4,81,2000
4,Fix You,Coldplay,rock,permanent wave,1977,28,2005,138,42,21,-9,11,12,296,16,3,81,2000
5,Umbrella,Rihanna,pop,barbadian pop,1988,20,2008,174,83,58,-5,4,57,276,1,13,80,2000
6,Stronger,Kanye West,rap,chicago rap,1977,30,2007,104,72,62,-8,41,49,312,1,15,80,2000
7,The Real Slim Shady,Eminem,hip hop,detroit hip hop,1972,28,2000,105,66,95,-4,5,76,284,3,6,80,2000
8,Low (feat. T-Pain),Flo Rida,dance pop,dance pop,1979,29,2008,128,61,92,-6,14,30,231,9,8,79,2000
9,American Boy,Estelle,r&b,r&b,1980,28,2008,118,73,73,-3,7,51,285,17,33,79,2000
10,Yeah! (feat. Lil Jon & Ludacris),Usher,hip hop,atl hip hop,1978,26,2004,105,79,89,-5,4,58,250,2,11,79,2000
11,Hall of Fame,The Script,rock,celtic rock,1980,32,2012,85,87,42,-4,12,63,203,7,6,78,2000
12,Party In The U.S.A.,Miley Cyrus,dance pop,dance pop,1992,17,2009,96,70,65,-5,9,47,202,0,4,78,2000
13,Candy Shop,50 Cent,hip hop,east coast hip hop,1975,30,2005,125,57,61,-8,38,76,209,3,47,78,2000
14,Fireflies,Owl City,pop,pop,1986,23,2009,180,66,51,-7,12,46,228,3,4,78,2000
15,Dynamite,Taio Cruz,dance pop,dance pop,1980,30,2010,120,78,75,-4,4,82,203,0,9,77,2000
16,So Sick,Ne-Yo,dance pop,dance pop,1979,27,2006,93,57,45,-8,19,58,207,25,31,77,2000
17,Take A Bow,Rihanna,pop,barbadian pop,1988,20,2008,82,47,70,-8,9,57,229,25,7,77,2000
18,Dilemma,Nelly,dance pop,dance pop,1974,28,2002,168,55,73,-8,20,61,289,23,14,77,2000
19,I Gotta Feeling,The Black Eyed Peas,dance pop,dance pop,1975,34,2009,128,77,74,-6,51,61,289,9,3,77,2000
20,Halo,BeyoncÃ©,dance pop,dance pop,1981,27,2008,80,72,51,-6,6,47,262,27,6,77,2000
21,In Da Club,50 Cent,hip hop,east coast hip hop,1975,28,2003,90,71,90,-3,7,78,193,26,37,77,2000
22,Just the Way You Are,Bruno Mars,pop,pop,1985,25,2010,109,84,64,-5,9,43,221,2,4,77,2000
23,Crank That (Soulja Boy),Soulja Boy,hip hop,atl hip hop,1990,17,2007,140,74,74,-2,5,80,222,52,8,76,2000
24,Gasolina,Daddy Yankee,latin,latin,1976,28,2004,96,80,86,-6,8,75,193,33,6,76,2000
25,Let Me Love You,Mario,dance pop,dance pop,1986,18,2004,95,58,66,-9,12,56,257,24,9,76,2000
26,Don't Stop The Music,Rihanna,pop,barbadian pop,1988,20,2008,123,67,84,-6,5,54,267,3,6,76,2000
27,"Lose Yourself - From ""8 Mile"" Soundtrack",Eminem,hip hop,detroit hip hop,1972,32,2004,171,74,69,-5,34,6,322,1,26,76,2000
28,I Knew You Were Trouble.,Taylor Swift,dance pop,dance pop,1989,23,2012,77,47,62,-7,3,68,220,0,4,75,2000
29,Temperature,Sean Paul,dance pop,dance pop,1973,32,2005,125,60,95,-5,7,82,219,11,7,75,2000
30,Empire State of Mind (Part II) Broken Down,Alicia Keys,pop,hip pop,1981,28,2009,93,37,48,-8,12,14,216,74,3,75,2000
31,Where Is The Love?,The Black Eyed Peas,dance pop,dance pop,1975,28,2003,94,69,84,-3,13,83,273,10,18,75,2000
32,Replay,Iyaz,dance pop,dance pop,1987,22,2009,91,75,71,-6,17,20,182,17,7,74,2000
33,Live Your Life (feat. Rihanna),T.I.,hip hop,atl hip hop,1980,28,2008,160,86,38,-3,21,48,339,7,26,74,2000
34,Grenade,Bruno Mars,pop,pop,1985,25,2010,110,56,71,-7,12,23,223,15,6,74,2000
35,Last Friday Night (T.G.I.F.),Katy Perry,dance pop,dance pop,1984,28,2012,126,82,65,-4,67,77,231,0,4,74,2000
36,Womanizer,Britney Spears,dance pop,dance pop,1981,28,2009,139,70,72,-5,9,24,224,7,6,74,2000
37,You Found Me,The Fray,rock,modern rock,1980.5,28.5,2009,152,80,34,-5,14,40,242,2,4,74,2000
38,One Tow Step (feat. Missy Elliot),Ciara,dance pop,dance pop,1985,19,2004,113,51,94,-11,4,84,204,4,16,74,2000
39,Smack That,Akon,dance pop,dance pop,1973,33,2006,119,74,94,-5,9,93,212,32,5,73,2000
40,Alors on danse,Stromae,pop,belgian pop,1985,25,2010,120,59,79,-9,7,71,206,10,8,73,2000
41,No Air (feat. Chris Brown),Jordin Sparks,dance pop,dance pop,1989,18,2007,160,76,47,-5,6,33,264,5,20,73,2000
42,We Are Never Ever Getting Back Together,Taylor Swift,dance pop,dance pop,1989,23,2012,86,68,63,-6,12,75,193,1,9,73,2000
43,Love Story,Taylor Swift,dance pop,dance pop,1989,19,2008,119,74,62,-4,8,31,236,13,3,73,2000
44,Pon de Replay,Rihanna,pop,barbadian pop,1972,33,2005,99,64,78,-8,10,50,247,0,16,73,2000
45,A Milli,Lil Wayne,hip hop,hip hop,1982,26,2008,151,70,67,-9,19,77,222,4,28,73,2000
46,U Remind Me,Usher,hip hop,atl hip hop,1978,23,2001,94,63,66,-5,25,73,267,19,8,73,2000
47,Right Round,Flo Rida,dance pop,dance pop,1979,30,2009,125,67,72,-7,23,71,205,1,6,72,2000
48,Because Of You,Ne-Yo,dance pop,dance pop,1979,28,2007,110,54,81,-6,10,83,267,53,4,72,2000
49,Call on Me - Radio Mix,Eric Prydz,electronic,big room,1976,28,2004,126,84,60,-7,84,45,171,0,38,72,2000
50,Only Girl (In The World),Rihanna,pop,barbadian pop,1972,38,2010,126,72,79,-4,7,61,235,13,4,72,2000
51,What's Luv? (feat. Ja-Rule & Ashanti),Fat Joe,hip hop,bronx hip hop,1970,31,2001,94,71,84,-5,11,92,267,2,6,72,2000
52,Pump It,The Black Eyed Peas,dance pop,dance pop,1975,30,2005,154,93,65,-3,75,74,213,1,18,72,2000
53,Break Your Heart,Taio Cruz,dance pop,dance pop,1980,30,2010,122,93,61,-4,9,57,202,3,3,71,2000
54,Numb / Encore,JAY-Z,hip hop,east coast hip hop,1969,35,2004,107,80,69,-4,55,80,205,6,16,71,2000
55,Hate That I Love You,Rihanna,pop,barbadian pop,1972,36,2008,94,73,64,-5,10,73,219,32,9,71,2000
56,Lollipop,Lil Wayne,hip hop,hip hop,1982,26,2008,148,43,83,-9,14,45,299,6,8,71,2000
57,Rockstar,Nickelback,metal,alternative metal,1974,31,2005,144,91,62,-3,34,69,252,5,4,71,2000
58,I Wanna Love You,Akon,dance pop,dance pop,1973,33,2006,100,45,87,-9,31,35,247,4,4,70,2000
59,Crush,David Archuleta,dance pop,dance pop,1990,18,2008,162,66,57,-5,7,49,214,1,3,70,2000
60,Apologize,Timbaland,dance pop,dance pop,1972,35,2007,118,60,66,-6,10,8,184,4,3,70,2000
61,7 Days,Craig David,soul,british soul,1981,20,2001,83,81,66,-7,10,89,235,23,5,70,2000
62,Broken Strings,James Morrison,neo mellow,neo mellow,1984,24,2008,112,72,57,-5,8,32,250,1,3,70,2000
63,Bleeding Love,Leona Lewis,soul,british soul,1985,22,2007,104,65,64,-6,15,20,263,19,4,70,2000
64,In My Head,Jason Derulo,dance pop,dance pop,1989,21,2010,110,75,76,-4,35,85,199,3,3,69,2000
65,Ridin',Chamillionaire,rap,dirty south rap,1979,26,2005,143,80,79,-5,30,84,303,19,10,69,2000
66,Hot N Cold,Katy Perry,dance pop,dance pop,1984,24,2008,132,84,71,-4,7,86,220,0,4,69,2000
67,Breakeven,The Script,rock,celtic rock,1980,28,2008,94,70,63,-5,8,49,261,14,2,68,2000
68,Snap Yo Fingers,Youngbloodz,hip hop,atl hip hop,1977.5,28.5,2006,82,76,84,-5,29,63,274,1,23,68,2000
69,Boom Boom Pow,The Black Eyed Peas,dance pop,dance pop,1974,35,2009,130,86,87,-6,13,40,251,13,7,68,2000
70,Lady - Hear Me Tonight,Modjo,disco,disco house,1977,24,2001,126,81,72,-6,6,87,307,1,4,68,2000
71,Superstar,Jamelia,pop,europop,1981,22,2003,110,65,80,-7,4,82,215,5,4,67,2000
72,Love Lockdown,Kanye West,rap,chicago rap,1977,31,2008,120,52,76,-8,11,11,270,5,3,67,2000
73,The Tide Is High - Radio Mix,Atomic Kitten,pop,bubblegum dance,1981,22,2003,103,69,78,-3,3,64,205,2,3,66,2000
74,Release Me,Agnes,dance pop,dance pop,1988,21,2009,128,92,62,-3,11,72,256,1,3,65,2000
75,About You Now,Sugababes,pop,bubblegum dance,1985,22,2007,82,70,58,-6,49,59,212,0,4,65,2000
76,Pjanoo - Radio Edit,Eric Prydz,electronic,big room,1976,32,2008,126,87,60,-5,11,84,157,0,3,65,2000
77,Let It Rock,Kevin Rudolf,dance pop,dance pop,1983,25,2008,113,78,61,-4,7,44,231,0,4,65,2000
78,Everytime We Touch - Radio Edit,Cascada,pop,bubblegum dance,1986.3,24.7,2011,142,98,64,-5,37,49,199,0,6,64,2000
79,Lean Back,Terror Squad,hip hop,bronx hip hop,1974.5,29.5,2004,127,92,80,-3,7,70,247,11,47,64,2000
80,TiK ToK,Kesha,dance pop,dance pop,1987,27,2014,120,67,75,-7,28,63,200,6,12,63,2000
81,All Rise,Blue,pop,boy band,1979.5,21.5,2001,98,74,72,-3,17,93,224,12,3,63,2000
82,Fergalicious,Fergie,dance pop,dance pop,1975,31,2006,129,58,91,-8,13,83,292,6,32,63,2000
83,Something,Lasgo,dance,belgian dance,1971,30,2001,140,98,64,-7,11,38,221,3,4,63,2000
84,When Love Takes Over (feat. Kelly Rowland),David Guetta,dance pop,dance pop,1967,42,2009,130,86,66,-5,20,50,189,1,3,63,2000
85,Anyone Of Us (Stupid Mistake),Gareth Gates,pop,europop,1984,18,2002,107,72,70,-6,8,65,228,28,3,61,2000
86,Teardrops On My Guitar - Radio Single Remix,Taylor Swift,dance pop,dance pop,1989,17,2006,100,42,62,-7,12,29,203,29,2,61,2000
87,Thank God I Found You,Mariah Carey,dance pop,dance pop,1970,29,1999,130,53,47,-6,11,15,257,59,3,61,2000
88,Sexy Bitch (feat. Akon) - Extended,David Guetta,dance pop,dance pop,1967,42,2009,130,30,96,-6,8,80,312,2,13,60,2000
89,Cooler Than Me - Single Mix,Mike Posner,dance pop,dance pop,1988,22,2010,130,82,75,-5,69,65,213,15,6,60,2000
90,Bump Bump Bump,B2K,pop,boy band,1985,18,2003,96,68,84,-6,5,89,283,10,21,60,2000
91,Beautiful Girls,Sean Kingston,dance pop,dance pop,1990,24,2014,118,64,54,-7,24,75,242,14,9,60,2000
92,I Know You Want Me (Calle Ocho),Pitbull,dance pop,dance pop,1981,28,2009,127,74,82,-6,24,80,237,1,14,60,2000
93,Leave The World Behind - Radio Edit,Axwell,electronic,big room,1977,32,2009,128,85,53,-8,32,28,162,0,5,58,2000
94,DÃ©senchantÃ©e - Radio Edit,Kate Ryan,pop,belgian pop,1980,28,2008,140,94,52,-5,23,29,221,17,7,57,2000
95,Moving too fast - Radio Edit,Artful Dodger,rock,uk garage,1972,40,2012,127,51,84,-11,3,52,238,9,5,57,2000
96,I Know What You Want (feat. Flipmode Squad),Busta Rhymes,hip hop,east coast hip hop,1972,30,2002,86,75,56,-4,64,49,324,1,32,56,2000
97,Knock You Down,Keri Hilson,dance pop,dance pop,1982,27,2009,155,88,59,-5,17,65,326,1,16,56,2000
98,Dragostea Din Tei - Italian Version,O-Zone,pop,bubblegum dance,1980,30,2010,130,89,67,-6,10,80,215,4,3,44,2000
99,What A Girl Wants - Eddie Arroyo Dance Radio Edit,Christina Aguilera,dance pop,dance pop,1980,19,1999,130,92,75,-7,7,66,244,1,3,40,2000
100,Material Girl,Madonna,dance pop,dance pop,1958,51,2009,137,88,74,-3,10,98,240,33,3,72,2000
101,Impossible - Main,Shontelle,pop,barbadian pop,1985,34,2019,90,57,59,-5,11,51,226,44,4,32,2000
22,Sandstorm,Darude,dance pop,eurodance,1975,25,2000,136,97,53,-8,8,59,225,14,5,70,2000
57,It's Gonna Be Me,*NSYNC,pop,boy band,1976.8,23.2,2000,165,87,64,-5,6,88,191,5,8,62,2000
3,It Wasn't Me,Shaggy,dance pop,dance pop,1968,32,2000,95,61,85,-5,31,65,228,6,7,76,2000
1,bad guy,Billie Eilish,electronic,electropop,2001,18,2019,135,43,70,-11,10,56,194,33,38,94,2010
2,7 rings,Ariana Grande,dance pop,dance pop,1993,26,2019,140,32,78,-11,9,33,179,59,33,90,2010
3,Old Town Road - Remix,Lil Nas X,rap,country rap,1999,20,2019,136,62,88,-6,11,64,157,5,10,89,2010
4,SeÃ±orita,Shawn Mendes,pop,canadian pop,1998,21,2019,117,55,76,-6,8,75,191,4,3,88,2010
5,rockstar (feat. 21 Savage),Post Malone,rap,dfw rap,1995,23,2018,160,52,59,-6,13,13,218,12,7,88,2010
6,SAD!,XXXTENTACION,rap,emo rap,1998,20,2018,75,61,74,-5,12,47,167,26,14,87,2010
7,Sunflower - Spider-Man: Into the Spider-Verse,Post Malone,rap,dfw rap,1995,24,2019,90,52,76,-4,7,93,158,53,6,86,2010
8,God's Plan,Drake,hip hop,canadian hip hop,1986,32,2018,77,45,75,-9,55,36,199,3,11,85,2010
9,One Kiss (with Dua Lipa),Calvin Harris,dance pop,dance pop,1984,34,2018,124,86,79,-3,8,59,215,4,11,85,2010
10,Thunder,Imagine Dragons,rock,modern rock,1987,30,2017,168,82,61,-5,15,29,187,1,4,85,2010
11,I Fall Apart,Post Malone,rap,dfw rap,1995,21,2016,144,54,56,-5,20,29,223,7,4,84,2010
12,HUMBLE.,Kendrick Lamar,hip hop,conscious hip hop,1987,30,2017,150,62,91,-7,10,42,177,0,10,84,2010
13,Starboy,The Weeknd,r&b,canadian contemporary r&b,1990,26,2016,186,59,68,-7,14,49,230,14,28,84,2010
14,FRIENDS,Marshmello,electronic,brostep,1992,26,2018,95,88,63,-2,13,53,203,21,5,83,2010
15,Psycho (feat. Ty Dolla $ign),Post Malone,rap,dfw rap,1995,23,2018,140,56,75,-8,11,46,221,55,11,83,2010
16,Congratulations,Post Malone,rap,dfw rap,1995,21,2016,123,80,63,-4,25,49,220,22,4,83,2010
17,In My Feelings,Drake,hip hop,canadian hip hop,1986,32,2018,91,63,84,-6,40,35,218,6,13,83,2010
18,The Hills,The Weeknd,r&b,canadian contemporary r&b,1990,25,2015,113,56,58,-7,14,14,242,7,5,83,2010
19,no tears left to cry,Ariana Grande,dance pop,dance pop,1993,25,2018,122,71,70,-6,29,35,206,4,6,83,2010
20,Dancing On My Own,Calum Scott,pop,pop,1988,30,2018,113,17,68,-9,10,24,260,84,3,83,2010
21,New Rules,Dua Lipa,dance pop,dance pop,1995,22,2017,116,70,76,-6,15,61,209,0,7,83,2010
22,Treat You Better,Shawn Mendes,pop,canadian pop,1998,19,2017,83,82,44,-4,11,75,188,11,34,83,2010
23,Something Just Like This,The Chainsmokers,electronic,electropop,1987,30,2017,103,64,62,-7,16,45,247,5,3,83,2010
24,Happier,Ed Sheeran,pop,pop,1991,26,2017,90,39,52,-7,14,24,208,54,3,82,2010
25,Attention,Charlie Puth,dance pop,dance pop,1991,27,2018,100,61,78,-5,13,80,209,11,5,82,2010
26,IDGAF,Dua Lipa,dance pop,dance pop,1995,22,2017,97,54,84,-6,8,51,218,4,9,82,2010
27,There's Nothing Holdin' Me Back,Shawn Mendes,pop,canadian pop,1998,19,2017,122,81,87,-4,8,97,199,38,6,82,2010
28,Scared to Be Lonely,Martin Garrix,electronic,big room,1996,21,2017,138,54,58,-8,26,20,221,9,6,81,2010
29,Whatever It Takes,Imagine Dragons,rock,modern rock,1987,30,2017,135,66,67,-5,12,56,201,4,3,81,2010
30,Let Me Love You,DJ Snake,electronic,electronic trap,1986,30,2016,100,72,65,-5,14,16,206,9,3,81,2010
31,i hate u i love u (feat. olivia o'brien),gnash,pop,pop,1993,23,2016,93,28,49,-13,10,18,251,69,30,81,2010
32,Silence,Marshmello,electronic,brostep,1992,25,2017,142,76,52,-3,17,29,181,26,9,80,2010
33,The Nights,Avicii,electronic,big room,1989,25,2014,126,84,53,-5,25,65,177,2,4,80,2010
34,Without You (feat. Sandro Cavazza),Avicii,electronic,big room,1989,28,2017,134,86,66,-5,5,30,182,0,4,80,2010
35,In the Name of Love,Martin Garrix,electronic,big room,1996,20,2016,134,52,50,-6,45,17,196,11,4,80,2010
36,Faded,Alan Walker,electronic,electro house,1997,21,2018,180,63,47,-5,11,16,212,3,5,80,2010
37,Story of My Life,One Direction,pop,boy band,1993,20,2013,121,66,60,-6,12,29,245,23,5,80,2010
38,Solo (feat. Demi Lovato),Clean Bandit,dance pop,dance pop,1988,30,2018,105,64,74,-5,35,56,223,4,4,79,2010
39,Love Lies (with Normani),Khalid,r&b,alternative r&b,1998,20,2018,144,65,71,-6,13,34,202,10,4,79,2010
40,Little Do You Know,Alex & Sierra,neo mellow,neo mellow,1991,23,2014,146,29,50,-9,19,37,185,75,3,79,2010
41,Mercy,Shawn Mendes,pop,canadian pop,1998,19,2017,148,66,56,-5,11,36,209,13,8,79,2010
42,Exchange,Bryson Tiller,pop,pop,1993,22,2015,160,43,53,-11,14,27,195,11,19,79,2010
43,One Last Time,Ariana Grande,dance pop,dance pop,1993,21,2014,125,59,63,-5,10,10,197,9,3,79,2010
44,DJ Got Us Fallin' In Love (feat. Pitbull),Usher,hip hop,atl hip hop,1978,32,2010,120,86,66,-3,8,65,221,3,11,78,2010
45,Give Me Everything,Pitbull,dance pop,dance pop,1981,30,2011,129,94,67,-3,30,53,252,19,16,78,2010
46,Waiting For Love,Avicii,electronic,big room,1989,26,2015,128,74,58,-4,20,61,231,31,5,78,2010
47,Stay,Zedd,electronic,complextro,1989,28,2017,102,62,69,-5,12,54,210,25,6,78,2010
48,It Ain't Me (with Selena Gomez),Kygo,electronic,edm,1991,26,2017,100,53,64,-7,9,52,221,12,7,78,2010
49,Hall of Fame,The Script,rock,celtic rock,1978,34,2012,85,87,42,-4,12,63,203,7,6,78,2010
50,Payphone,Maroon 5,pop,pop,1979,33,2012,110,75,74,-5,29,55,231,2,4,78,2010
51,PILLOWTALK,ZAYN,dance pop,dance pop,1993,23,2016,125,70,58,-4,9,44,203,12,5,78,2010
52,All I Want,Kodaline,pop,irish pop,1989,24,2013,86,41,21,-10,8,16,306,17,4,78,2010
53,Youngblood,5 Seconds of Summer,pop,boy band,1995,23,2018,120,85,60,-5,12,15,203,2,46,77,2010
54,Symphony (feat. Zara Larsson),Clean Bandit,dance pop,dance pop,1988,29,2017,123,63,71,-5,14,46,212,26,6,77,2010
55,Unsteady,X Ambassadors,pop,indie poptimism,1988,27,2015,117,67,39,-6,12,20,194,18,6,77,2010
56,Classic,MKTO,dance pop,dance pop,1992,20,2012,102,79,72,-5,16,76,175,4,12,77,2010
57,Time of Our Lives,Pitbull,dance pop,dance pop,1981,33,2014,124,80,72,-6,69,72,229,9,6,77,2010
58,Please Don't Go,Joel Adams,pop,australian pop,1996,19,2015,84,77,51,-5,29,24,211,1,6,76,2010
59,When You Love Someone,James TW,neo mellow,neo mellow,1997,22,2019,126,45,68,-6,5,35,217,26,3,76,2010
60,I Dont Wanna Live Forever (Fifty Shades Darker),ZAYN,dance pop,dance pop,1993,23,2016,118,45,74,-8,33,9,245,6,6,76,2010
61,Perfect Strangers,Jonas Blue,dance pop,dance pop,1989,29,2018,118,86,73,-4,21,70,197,39,5,76,2010
62,Friends (with BloodPopÂ®),Justin Bieber,pop,canadian pop,1994,23,2017,105,73,74,-5,30,62,189,0,4,75,2010
63,September Song,JP Cooper,dance pop,dance pop,1983,34,2017,96,62,61,-7,9,37,220,5,4,75,2010
64,Never Forget You,Zara Larsson,dance pop,dance pop,1997,20,2017,146,73,58,-6,27,28,213,0,5,75,2010
65,Say You Won't Let Go,James Arthur,pop,pop,1988,28,2016,99,56,40,-7,9,48,211,69,5,75,2010
66,Airplanes (feat. Hayley Williams),B.o.B,hip hop,atl hip hop,1988,22,2010,93,87,66,-4,4,38,180,11,12,75,2010
67,Whistle,Flo Rida,dance pop,dance pop,1979,33,2012,104,94,75,-6,29,74,225,2,5,75,2010
68,Do It Again,Pia Mia,dance pop,dance pop,1996,19,2015,96,56,71,-7,9,41,208,3,5,74,2010
69,Paris,The Chainsmokers,electronic,electropop,1987,30,2017,100,64,65,-7,9,25,222,2,3,74,2010
70,All My Friends (feat. Tinashe & Chance the Rapper),Snakehips,dance pop,dance pop,1995,20,2015,95,52,69,-6,11,18,230,12,13,74,2010
71,Slide (feat. Frank Ocean & Migos),Calvin Harris,dance pop,dance pop,1984,33,2017,104,80,74,-3,25,51,231,50,5,74,2010
72,No Promises (feat. Demi Lovato),Cheat Codes,dance pop,dance pop,1992,25,2017,113,67,74,-5,11,60,224,6,13,73,2010
73,The Ocean (feat. Shy Martin),Mike Perry,pop,big room,1983,33,2016,90,57,63,-6,10,19,183,2,3,73,2010
74,Capsize,FRENSHIP,electronic,electropop,1989,27,2016,93,71,68,-6,69,36,238,4,3,72,2010
75,As Long As You Love Me,Justin Bieber,pop,canadian pop,1994,18,2012,140,87,57,-3,36,61,229,8,10,72,2010
76,Pretty Girl - Cheat Codes X CADE Remix,Maggie Lindemann,dance pop,dance pop,1998,19,2017,121,87,70,-5,10,73,194,15,3,71,2010
77,2U (feat. Justin Bieber),David Guetta,dance pop,dance pop,1967,50,2017,145,65,55,-6,23,56,195,22,6,71,2010
78,Strip That Down (feat. Quavo),Liam Payne,dance pop,dance pop,1993,26,2019,106,50,87,-5,8,55,202,20,5,71,2010
79,Wildest Dreams,Taylor Swift,dance pop,dance pop,1989,25,2014,140,66,55,-7,11,47,220,7,7,71,2010
80,Sun Is Shining,Axwell /\ Ingrosso,electronic,big room,1980,37,2017,132,76,47,-3,7,38,255,9,5,71,2010
81,Solo Dance,Martin Jensen,electronic,big room,1991,25,2016,115,85,75,-2,20,40,175,5,5,70,2010
82,Alone,Alan Walker,electronic,electro house,1997,19,2016,97,93,68,-3,12,16,161,19,5,70,2010
83,You Don't Know Me (feat. RAYE),Jax Jones,dance pop,dance pop,1987,32,2019,124,67,88,-6,32,67,213,16,14,70,2010
84,Can't Hold Us (feat. Ray Dalton),Macklemore & Ryan Lewis,dance pop,dance pop,1986,26,2012,146,93,63,-4,10,88,258,3,8,70,2010
85,Hurts So Good,Astrid S,dance pop,dance pop,1996,20,2016,120,63,67,-5,9,42,209,8,5,69,2010
86,Five More Hours - Deorro x Chris Brown,Deorro,electronic,big room,1991,26,2017,128,88,70,-3,82,50,212,3,22,69,2010
87,She Looks So Perfect,5 Seconds of Summer,pop,boy band,1995,19,2014,160,95,49,-4,33,44,202,0,13,69,2010
88,Where Them Girls At (feat. Nicki Minaj & Flo Rida),David Guetta,dance pop,dance pop,1967,45,2012,130,88,67,-3,26,55,195,6,4,69,2010
89,Mama,Jonas Blue,dance pop,dance pop,1989,28,2017,104,79,74,-4,5,54,184,10,4,68,2010
90,Don't Leave,Snakehips,dance pop,dance pop,1995,22,2017,122,70,66,-3,26,34,215,22,8,68,2010
91,Drag Me Down,One Direction,pop,boy band,1993,22,2015,138,71,72,-6,5,61,192,10,4,68,2010
92,The One That Got Away,Katy Perry,dance pop,dance pop,1984,26,2010,134,80,69,-4,16,88,227,0,4,66,2010
93,Shed a Light,Robin Schulz,dance pop,dance pop,1987,29,2016,122,79,48,-5,26,58,191,11,10,65,2010
94,Sex,Cheat Codes,dance pop,dance pop,1992,24,2016,105,69,60,-6,13,19,228,0,16,60,2010
95,Call on Me - Ryan Riback Remix,Starley,electronic,aussietronica,1987,29,2016,105,84,67,-4,16,72,222,6,4,58,2010
96,Stereo Hearts (feat. Adam Levine),Gym Class Heroes,dance pop,dance pop,1997,14,2011,90,80,65,-3,27,80,211,3,10,56,2010
97,Dynamite,Taio Cruz,dance pop,dance pop,1980,31,2011,120,79,76,-4,3,87,203,0,8,56,2010
98,Break Your Heart,Taio Cruz,dance pop,dance pop,1980,31,2011,122,89,67,-5,24,68,185,0,3,54,2010
99,Summer Air,ItaloBrothers,dance pop,dance pop,1987,30,2017,102,75,76,-4,8,49,184,6,7,43,2010
100,All I Wanna Do,Martin Jensen,pop,big room,1991,25,2016,112,79,73,-4,7,56,194,16,7,32,2010